id,question,student_answer,correct_answer,correct,gemma_response,format_adherence,explanation_quality,politeness,judge_reason
12-878,Which is likeliest to metamorphose?,A,A,True,"<strong>a living organism</strong> (the correct option)


Explanation: The metamorphosis of an animal, such as butterflies and moths or insects like grasshoppers into adults occurs through four stages known collectively as complete transformation; these are egg stage larva pupal/pupa adult",,,,PARSE_FAILED
11-287,Which animal is most likely to eat another living animal?,D,D,True,"<strong>(d)</strong> Lion


Explanation: The correct option for this multiple-choice quiz on animals and their eating habits would be (4). Lions are known as apex predators, meaning they occupy a top position in an ecosystem's food chain or web of life where no other species can feed directly upon them; thus making it more probable that lions will consume any available prey including those still alive at times when there may not seem much else left around!",,,,PARSE_FAILED
13-886,"If a see through thing is multifaceted, it is most likely",A,D,False,"<strong>a</strong>


Explanation of Answer Choice A (Correct): The word ""multifaceted"" means having many sides or facets like that on some gemstones and diamonds which are cut into different shapes to reflect light in various ways when viewed from certain angles; therefore this option makes sense as being related with something such as these gems where they have multiple faces/sides reflecting lights differently depending upon how one looks at them!",,,,PARSE_FAILED
11-497,Which two objects would electricity best flow through?,UNKNOWN,B,False,<strong>human skin</strong> & <strong>rubber glove</strong>,,,,PARSE_FAILED
9-173,When a wolf is buried what will happen to other wolves?,B,C,False,"<strong>more</strong> (of)


Explanation/Reasoning for Answer Choice B, C and D not being correct answers in this case are as follows;



* A - Small Change = The word ""small"" implies that there would be no significant changes or effects on any living things around it because they're too insignificant compared with its size which makes sense since we know how big these animals can get when fully grown so therefore making option 'a' incorrect here!




  





   







*",,,,PARSE_FAILED
